{"coefficients": [18115.71048250299, -36050.8651951676, 136863.3003125315, 10139.285030883673, 25445.025956687587, -126453.12808050259, 2.6510311727179214e-05, -2.2843611077405512e-05, -7.211715904985238, 0.17057423796622084, -43848180.36959507, 43776799.7302802, 6140852.804158561, 6322.874563558173, -65871.19713825219, 21405.513847473507, -450.2670003572302, 15229.472810140222, -3304129.9453643807, -1347304.0104590754], "intercept": 2083356.3284380487, "feature_names": ["temperature_2m_max", "temperature_2m_min", "temperature_2m_mean", "apparent_temperature_max", "apparent_temperature_min", "apparent_temperature_mean", "sunrise", "sunset", "daylight_duration", "sunshine_duration", "precipitation_sum", "rain_sum", "snowfall_sum", "precipitation_hours", "wind_speed_10m_max", "wind_gusts_10m_max", "wind_direction_10m_dominant", "shortwave_radiation_sum", "et0_fao_evapotranspiration", "weekend"]}